metric,,,,,,,,,
0,0.649,0.298,0.474,0.412,0.354,0.08,248.594262,0.392013,0.355
1,0.926,0.772,0.368,0.739,0.782,0.534,97.588668,14.941932,0.763
2,0.937,0.767,0.346,0.768,0.799,0.518,103.920777,15.175568,0.787
3,0.965,0.804,0.283,0.834,0.856,0.539,89.602221,15.69526,0.869
4,0.971,0.855,0.278,0.856,0.87,0.629,65.960403,15.208721,0.888
5,0.978,0.871,0.237,0.869,0.882,0.658,60.327204,16.371078,0.903
total,0.904,0.728,0.323,0.746,0.757,0.493,110.998922,77.784572,0.722
