metric,,,,,,,,,
0,0.386,0.325,0.506,0.411,0.284,0.208,187.052372,2.548271,-0.272
1,0.942,0.868,0.336,0.756,0.782,0.611,55.71956,17.343047,0.787
2,0.965,0.916,0.264,0.81,0.864,0.745,36.345914,16.881248,0.862
3,0.977,0.933,0.238,0.839,0.877,0.758,29.777761,15.444916,0.891
4,0.982,0.942,0.223,0.856,0.885,0.767,25.023342,12.999442,0.906
5,0.997,0.969,0.223,0.905,0.908,0.78,10.929549,11.392181,0.952
total,0.875,0.825,0.289,0.763,0.767,0.645,57.47475,76.609104,0.69
