,time,evaluations,actions,cost,used budget,1,2,3,4,5,6,7,8,9
0,40750.65237259865,1108,22,14545.495816158258,14545.495816158258,0.942,0.8013,0.2685,0.7969,0.8174,0.5365,89735.7055,16421.0625,0.818
0,1147.7666983604431,35,12,14755.659726512791,29301.155542671047,0.9415,0.802,0.2674,0.794,0.8166,0.5365,89459.3102,16386.6523,0.8136
0,1147.6867046356201,35,8,13289.90156014025,42591.0571028113,0.9426,0.8038,0.2674,0.7983,0.8188,0.5358,89066.5872,16389.1992,0.8187
0,1158.9394824504852,35,140,332654.0031412565,375245.0602440678,0.9451,0.8066,0.2445,0.8011,0.8273,0.5421,87937.148,16190.1992,0.8219
0,1098.4066121578217,34,122,293203.25579073426,668448.316034802,0.9504,0.7781,0.2287,0.8161,0.8384,0.5495,102669.3105,16103.7402,0.8429
